Algo,FileName,TimeUsedMS
bubble,./tests/descend1.txt,2.490000
bubble,./tests/descend10.txt,8.412000
bubble,./tests/descend100.txt,3923.707000
bubble,./tests/descend11.txt,553.245000
bubble,./tests/descend12.txt,103.643000
bubble,./tests/descend13.txt,7519.018000
bubble,./tests/descend14.txt,6799.698000
bubble,./tests/descend15.txt,3576.593000
bubble,./tests/descend16.txt,381.274000
bubble,./tests/descend17.txt,1.182000
bubble,./tests/descend18.txt,490.802000
bubble,./tests/descend19.txt,6959.187000
bubble,./tests/descend2.txt,821.032000
bubble,./tests/descend20.txt,2004.524000
bubble,./tests/descend21.txt,106.840000
bubble,./tests/descend22.txt,1961.142000
bubble,./tests/descend23.txt,7948.307000
bubble,./tests/descend24.txt,551.750000
bubble,./tests/descend25.txt,2187.774000
bubble,./tests/descend26.txt,698.712000
bubble,./tests/descend27.txt,2.085000
bubble,./tests/descend28.txt,3750.471000
bubble,./tests/descend29.txt,165.355000
bubble,./tests/descend3.txt,678.420000
bubble,./tests/descend30.txt,873.006000
bubble,./tests/descend31.txt,4632.823000
bubble,./tests/descend32.txt,5141.466000
bubble,./tests/descend33.txt,610.465000
bubble,./tests/descend34.txt,2259.730000
bubble,./tests/descend35.txt,84.722000
bubble,./tests/descend36.txt,429.477000
bubble,./tests/descend37.txt,94.326000
bubble,./tests/descend38.txt,68.649000
bubble,./tests/descend39.txt,888.060000
bubble,./tests/descend4.txt,4809.096000
bubble,./tests/descend40.txt,1040.495000
bubble,./tests/descend41.txt,1904.521000
bubble,./tests/descend42.txt,1128.237000
bubble,./tests/descend43.txt,5633.342000
bubble,./tests/descend44.txt,490.279000
bubble,./tests/descend45.txt,1253.175000
bubble,./tests/descend46.txt,45.840000
bubble,./tests/descend47.txt,204.219000
bubble,./tests/descend48.txt,1248.457000
bubble,./tests/descend49.txt,8332.727000
bubble,./tests/descend5.txt,2313.003000
bubble,./tests/descend50.txt,1711.232000
bubble,./tests/descend51.txt,3900.138000
bubble,./tests/descend52.txt,5286.057000
bubble,./tests/descend53.txt,3879.197000
bubble,./tests/descend54.txt,291.841000
bubble,./tests/descend55.txt,1202.794000
bubble,./tests/descend56.txt,4952.527000
bubble,./tests/descend57.txt,8254.214000
bubble,./tests/descend58.txt,47.477000
bubble,./tests/descend59.txt,3005.095000
bubble,./tests/descend6.txt,4092.604000
bubble,./tests/descend60.txt,6174.220000
bubble,./tests/descend61.txt,1721.688000
bubble,./tests/descend62.txt,716.715000
bubble,./tests/descend63.txt,3679.478000
bubble,./tests/descend64.txt,4.754000
bubble,./tests/descend65.txt,4681.335000
bubble,./tests/descend66.txt,6177.813000
bubble,./tests/descend67.txt,1389.558000
bubble,./tests/descend68.txt,902.725000
bubble,./tests/descend69.txt,706.139000
bubble,./tests/descend7.txt,2391.741000
bubble,./tests/descend70.txt,5610.760000
bubble,./tests/descend71.txt,0.203000
bubble,./tests/descend72.txt,6820.221000
bubble,./tests/descend73.txt,2657.617000
bubble,./tests/descend74.txt,1723.412000
bubble,./tests/descend75.txt,4767.444000
bubble,./tests/descend76.txt,2024.744000
bubble,./tests/descend77.txt,1220.758000
bubble,./tests/descend78.txt,4391.216000
bubble,./tests/descend79.txt,1526.295000
bubble,./tests/descend8.txt,110.026000
bubble,./tests/descend80.txt,7539.202000
bubble,./tests/descend81.txt,1311.069000
bubble,./tests/descend82.txt,4729.637000
bubble,./tests/descend83.txt,967.558000
bubble,./tests/descend84.txt,3272.001000
bubble,./tests/descend85.txt,157.442000
bubble,./tests/descend86.txt,1894.085000
bubble,./tests/descend87.txt,5081.555000
bubble,./tests/descend88.txt,67.678000
bubble,./tests/descend89.txt,2297.448000
bubble,./tests/descend9.txt,4631.008000
bubble,./tests/descend90.txt,1006.232000
bubble,./tests/descend91.txt,4053.542000
bubble,./tests/descend92.txt,7684.263000
bubble,./tests/descend93.txt,320.525000
bubble,./tests/descend94.txt,8.291000
bubble,./tests/descend95.txt,2285.993000
bubble,./tests/descend96.txt,2355.543000
bubble,./tests/descend97.txt,2394.044000
bubble,./tests/descend98.txt,631.691000
bubble,./tests/descend99.txt,5270.618000
bubble,./tests/normal1.txt,164.128000
bubble,./tests/normal10.txt,5177.608000
bubble,./tests/normal100.txt,845.731000
bubble,./tests/normal11.txt,4359.355000
bubble,./tests/normal12.txt,154.270000
bubble,./tests/normal13.txt,133.672000
bubble,./tests/normal14.txt,4743.933000
bubble,./tests/normal15.txt,5058.190000
bubble,./tests/normal16.txt,6534.213000
bubble,./tests/normal17.txt,1229.014000
bubble,./tests/normal18.txt,4259.657000
bubble,./tests/normal19.txt,1556.502000
bubble,./tests/normal2.txt,2705.587000
bubble,./tests/normal20.txt,1686.985000
bubble,./tests/normal21.txt,1504.863000
bubble,./tests/normal22.txt,142.559000
bubble,./tests/normal23.txt,2402.761000
bubble,./tests/normal24.txt,904.441000
bubble,./tests/normal25.txt,3746.233000
bubble,./tests/normal26.txt,5828.827000
bubble,./tests/normal27.txt,5543.901000
bubble,./tests/normal28.txt,2504.124000
bubble,./tests/normal29.txt,4585.052000
bubble,./tests/normal3.txt,13.215000
bubble,./tests/normal30.txt,2747.271000
bubble,./tests/normal31.txt,5767.603000
bubble,./tests/normal32.txt,2.658000
bubble,./tests/normal33.txt,3191.645000
bubble,./tests/normal34.txt,1324.805000
bubble,./tests/normal35.txt,4662.834000
bubble,./tests/normal36.txt,6207.248000
bubble,./tests/normal37.txt,2866.888000
bubble,./tests/normal38.txt,2811.849000
bubble,./tests/normal39.txt,4719.693000
bubble,./tests/normal4.txt,1591.937000
bubble,./tests/normal40.txt,1007.302000
bubble,./tests/normal41.txt,2851.610000
bubble,./tests/normal42.txt,6519.276000
bubble,./tests/normal43.txt,1129.976000
bubble,./tests/normal44.txt,804.880000
bubble,./tests/normal45.txt,4864.971000
bubble,./tests/normal46.txt,525.173000
bubble,./tests/normal47.txt,2086.875000
bubble,./tests/normal48.txt,4796.123000
bubble,./tests/normal49.txt,485.557000
bubble,./tests/normal5.txt,992.120000
bubble,./tests/normal50.txt,58.648000
bubble,./tests/normal51.txt,400.990000
bubble,./tests/normal52.txt,4048.450000
bubble,./tests/normal53.txt,491.322000
bubble,./tests/normal54.txt,2041.905000
bubble,./tests/normal55.txt,325.387000
bubble,./tests/normal56.txt,1945.198000
bubble,./tests/normal57.txt,4547.525000
bubble,./tests/normal58.txt,5264.449000
bubble,./tests/normal59.txt,5212.540000
bubble,./tests/normal6.txt,2505.901000
bubble,./tests/normal60.txt,4650.935000
bubble,./tests/normal61.txt,20.474000
bubble,./tests/normal62.txt,5275.895000
bubble,./tests/normal63.txt,1768.748000
bubble,./tests/normal64.txt,0.204000
bubble,./tests/normal65.txt,77.637000
bubble,./tests/normal66.txt,684.819000
bubble,./tests/normal67.txt,509.102000
bubble,./tests/normal68.txt,540.476000
bubble,./tests/normal69.txt,4861.186000
bubble,./tests/normal7.txt,354.659000
bubble,./tests/normal70.txt,342.254000
bubble,./tests/normal71.txt,5378.544000
bubble,./tests/normal72.txt,116.644000
bubble,./tests/normal73.txt,1617.912000
bubble,./tests/normal74.txt,2903.135000
bubble,./tests/normal75.txt,5608.774000
bubble,./tests/normal76.txt,402.539000
bubble,./tests/normal77.txt,3472.034000
bubble,./tests/normal78.txt,107.252000
bubble,./tests/normal79.txt,1189.738000
bubble,./tests/normal8.txt,553.452000
bubble,./tests/normal80.txt,3824.012000
bubble,./tests/normal81.txt,231.318000
bubble,./tests/normal82.txt,2387.348000
bubble,./tests/normal83.txt,191.126000
bubble,./tests/normal84.txt,5744.853000
bubble,./tests/normal85.txt,270.888000
bubble,./tests/normal86.txt,1185.730000
bubble,./tests/normal87.txt,2374.176000
bubble,./tests/normal88.txt,2198.527000
bubble,./tests/normal89.txt,1463.110000
bubble,./tests/normal9.txt,2908.306000
bubble,./tests/normal90.txt,3312.954000
bubble,./tests/normal91.txt,1740.567000
bubble,./tests/normal92.txt,2237.746000
bubble,./tests/normal93.txt,5827.077000
bubble,./tests/normal94.txt,4014.258000
bubble,./tests/normal95.txt,966.729000
bubble,./tests/normal96.txt,2694.328000
bubble,./tests/normal97.txt,5209.589000
bubble,./tests/normal98.txt,4716.252000
bubble,./tests/normal99.txt,3273.317000
bubble,./tests/partial1.txt,195.363000
bubble,./tests/partial10.txt,516.150000
bubble,./tests/partial100.txt,1957.690000
bubble,./tests/partial11.txt,2733.490000
bubble,./tests/partial12.txt,874.907000
bubble,./tests/partial13.txt,2.381000
bubble,./tests/partial14.txt,2563.349000
bubble,./tests/partial15.txt,1684.156000
bubble,./tests/partial16.txt,621.406000
bubble,./tests/partial17.txt,1884.654000
bubble,./tests/partial18.txt,299.769000
bubble,./tests/partial19.txt,3794.083000
bubble,./tests/partial2.txt,35.660000
bubble,./tests/partial20.txt,846.098000
bubble,./tests/partial21.txt,3563.370000
bubble,./tests/partial22.txt,2551.859000
bubble,./tests/partial23.txt,1297.517000
bubble,./tests/partial24.txt,1644.659000
bubble,./tests/partial25.txt,5.202000
bubble,./tests/partial26.txt,1133.318000
bubble,./tests/partial27.txt,2105.584000
bubble,./tests/partial28.txt,1769.451000
bubble,./tests/partial29.txt,4858.084000
bubble,./tests/partial3.txt,58.075000
bubble,./tests/partial30.txt,10.559000
bubble,./tests/partial31.txt,310.079000
bubble,./tests/partial32.txt,313.629000
bubble,./tests/partial33.txt,1064.830000
bubble,./tests/partial34.txt,4430.585000
bubble,./tests/partial35.txt,989.461000
bubble,./tests/partial36.txt,2347.837000
bubble,./tests/partial37.txt,352.503000
bubble,./tests/partial38.txt,2848.822000
bubble,./tests/partial39.txt,827.337000
bubble,./tests/partial4.txt,1784.441000
bubble,./tests/partial40.txt,1711.272000
bubble,./tests/partial41.txt,178.667000
bubble,./tests/partial42.txt,5473.481000
bubble,./tests/partial43.txt,758.750000
bubble,./tests/partial44.txt,4571.065000
bubble,./tests/partial45.txt,1307.227000
bubble,./tests/partial46.txt,7.907000
bubble,./tests/partial47.txt,3186.501000
bubble,./tests/partial48.txt,162.869000
bubble,./tests/partial49.txt,2503.035000
bubble,./tests/partial5.txt,3569.744000
bubble,./tests/partial50.txt,2991.546000
bubble,./tests/partial51.txt,2890.269000
bubble,./tests/partial52.txt,1326.409000
bubble,./tests/partial53.txt,2514.662000
bubble,./tests/partial54.txt,438.979000
bubble,./tests/partial55.txt,1136.371000
bubble,./tests/partial56.txt,160.351000
bubble,./tests/partial57.txt,3977.540000
bubble,./tests/partial58.txt,27.503000
bubble,./tests/partial59.txt,52.897000
bubble,./tests/partial6.txt,2410.965000
bubble,./tests/partial60.txt,0.039000
bubble,./tests/partial61.txt,2871.500000
bubble,./tests/partial62.txt,82.208000
bubble,./tests/partial63.txt,1954.024000
bubble,./tests/partial64.txt,587.608000
bubble,./tests/partial65.txt,2186.049000
bubble,./tests/partial66.txt,2865.371000
bubble,./tests/partial67.txt,925.952000
bubble,./tests/partial68.txt,3713.094000
bubble,./tests/partial69.txt,63.687000
bubble,./tests/partial7.txt,128.385000
bubble,./tests/partial70.txt,468.081000
bubble,./tests/partial71.txt,331.941000
bubble,./tests/partial72.txt,605.509000
bubble,./tests/partial73.txt,3384.348000
bubble,./tests/partial74.txt,362.773000
bubble,./tests/partial75.txt,2100.209000
bubble,./tests/partial76.txt,1878.191000
bubble,./tests/partial77.txt,4911.259000
bubble,./tests/partial78.txt,27.491000
bubble,./tests/partial79.txt,2621.621000
bubble,./tests/partial8.txt,1787.571000
bubble,./tests/partial80.txt,449.921000
bubble,./tests/partial81.txt,1230.002000
bubble,./tests/partial82.txt,2219.367000
bubble,./tests/partial83.txt,1966.260000
bubble,./tests/partial84.txt,1157.432000
bubble,./tests/partial85.txt,2240.088000
bubble,./tests/partial86.txt,1726.809000
bubble,./tests/partial87.txt,1681.092000
bubble,./tests/partial88.txt,619.872000
bubble,./tests/partial89.txt,921.875000
bubble,./tests/partial9.txt,12.343000
bubble,./tests/partial90.txt,2262.969000
bubble,./tests/partial91.txt,18.216000
bubble,./tests/partial92.txt,61.082000
bubble,./tests/partial93.txt,1281.929000
bubble,./tests/partial94.txt,40.289000
bubble,./tests/partial95.txt,122.009000
bubble,./tests/partial96.txt,856.833000
bubble,./tests/partial97.txt,0.184000
bubble,./tests/partial98.txt,3496.888000
bubble,./tests/partial99.txt,3860.383000
insertion,./tests/descend1.txt,0.345000
insertion,./tests/descend10.txt,1.342000
insertion,./tests/descend100.txt,415.844000
insertion,./tests/descend11.txt,56.208000
insertion,./tests/descend12.txt,10.408000
insertion,./tests/descend13.txt,772.004000
insertion,./tests/descend14.txt,700.435000
insertion,./tests/descend15.txt,370.926000
insertion,./tests/descend16.txt,39.564000
insertion,./tests/descend17.txt,0.098000
insertion,./tests/descend18.txt,50.984000
insertion,./tests/descend19.txt,713.596000
insertion,./tests/descend2.txt,88.238000
insertion,./tests/descend20.txt,210.520000
insertion,./tests/descend21.txt,11.240000
insertion,./tests/descend22.txt,200.145000
insertion,./tests/descend23.txt,813.752000
insertion,./tests/descend24.txt,57.275000
insertion,./tests/descend25.txt,223.973000
insertion,./tests/descend26.txt,70.477000
insertion,./tests/descend27.txt,0.198000
insertion,./tests/descend28.txt,391.162000
insertion,./tests/descend29.txt,17.533000
insertion,./tests/descend3.txt,70.625000
insertion,./tests/descend30.txt,91.152000
insertion,./tests/descend31.txt,493.027000
insertion,./tests/descend32.txt,550.261000
insertion,./tests/descend33.txt,63.299000
insertion,./tests/descend34.txt,245.652000
insertion,./tests/descend35.txt,9.958000
insertion,./tests/descend36.txt,48.251000
insertion,./tests/descend37.txt,10.331000
insertion,./tests/descend38.txt,6.896000
insertion,./tests/descend39.txt,97.046000
insertion,./tests/descend4.txt,493.101000
insertion,./tests/descend40.txt,105.319000
insertion,./tests/descend41.txt,192.512000
insertion,./tests/descend42.txt,113.961000
insertion,./tests/descend43.txt,578.479000
insertion,./tests/descend44.txt,50.265000
insertion,./tests/descend45.txt,127.958000
insertion,./tests/descend46.txt,4.788000
insertion,./tests/descend47.txt,20.920000
insertion,./tests/descend48.txt,128.219000
insertion,./tests/descend49.txt,856.264000
insertion,./tests/descend5.txt,230.338000
insertion,./tests/descend50.txt,169.979000
insertion,./tests/descend51.txt,409.636000
insertion,./tests/descend52.txt,537.314000
insertion,./tests/descend53.txt,397.721000
insertion,./tests/descend54.txt,29.535000
insertion,./tests/descend55.txt,121.142000
insertion,./tests/descend56.txt,501.384000
insertion,./tests/descend57.txt,842.150000
insertion,./tests/descend58.txt,5.105000
insertion,./tests/descend59.txt,308.160000
insertion,./tests/descend6.txt,423.480000
insertion,./tests/descend60.txt,628.337000
insertion,./tests/descend61.txt,180.491000
insertion,./tests/descend62.txt,76.788000
insertion,./tests/descend63.txt,375.777000
insertion,./tests/descend64.txt,0.570000
insertion,./tests/descend65.txt,482.306000
insertion,./tests/descend66.txt,628.579000
insertion,./tests/descend67.txt,145.426000
insertion,./tests/descend68.txt,92.395000
insertion,./tests/descend69.txt,71.581000
insertion,./tests/descend7.txt,245.731000
insertion,./tests/descend70.txt,569.155000
insertion,./tests/descend71.txt,0.024000
insertion,./tests/descend72.txt,720.467000
insertion,./tests/descend73.txt,269.132000
insertion,./tests/descend74.txt,157.963000
insertion,./tests/descend75.txt,477.099000
insertion,./tests/descend76.txt,276.741000
insertion,./tests/descend77.txt,167.985000
insertion,./tests/descend78.txt,577.625000
insertion,./tests/descend79.txt,146.245000
insertion,./tests/descend8.txt,14.758000
insertion,./tests/descend80.txt,851.003000
insertion,./tests/descend81.txt,134.638000
insertion,./tests/descend82.txt,482.843000
insertion,./tests/descend83.txt,98.636000
insertion,./tests/descend84.txt,328.811000
insertion,./tests/descend85.txt,15.853000
insertion,./tests/descend86.txt,192.290000
insertion,./tests/descend87.txt,525.216000
insertion,./tests/descend88.txt,7.079000
insertion,./tests/descend89.txt,238.682000
insertion,./tests/descend9.txt,469.212000
insertion,./tests/descend90.txt,100.910000
insertion,./tests/descend91.txt,417.286000
insertion,./tests/descend92.txt,787.553000
insertion,./tests/descend93.txt,32.626000
insertion,./tests/descend94.txt,0.860000
insertion,./tests/descend95.txt,232.863000
insertion,./tests/descend96.txt,237.235000
insertion,./tests/descend97.txt,243.613000
insertion,./tests/descend98.txt,65.349000
insertion,./tests/descend99.txt,530.847000
insertion,./tests/normal1.txt,13.573000
insertion,./tests/normal10.txt,339.951000
insertion,./tests/normal100.txt,65.548000
insertion,./tests/normal11.txt,292.708000
insertion,./tests/normal12.txt,13.428000
insertion,./tests/normal13.txt,11.795000
insertion,./tests/normal14.txt,323.513000
insertion,./tests/normal15.txt,342.792000
insertion,./tests/normal16.txt,444.288000
insertion,./tests/normal17.txt,85.752000
insertion,./tests/normal18.txt,287.495000
insertion,./tests/normal19.txt,109.816000
insertion,./tests/normal2.txt,188.730000
insertion,./tests/normal20.txt,115.685000
insertion,./tests/normal21.txt,106.638000
insertion,./tests/normal22.txt,11.785000
insertion,./tests/normal23.txt,162.956000
insertion,./tests/normal24.txt,65.672000
insertion,./tests/normal25.txt,252.342000
insertion,./tests/normal26.txt,388.874000
insertion,./tests/normal27.txt,376.047000
insertion,./tests/normal28.txt,174.353000
insertion,./tests/normal29.txt,314.789000
insertion,./tests/normal3.txt,1.398000
insertion,./tests/normal30.txt,192.138000
insertion,./tests/normal31.txt,382.150000
insertion,./tests/normal32.txt,0.237000
insertion,./tests/normal33.txt,218.450000
insertion,./tests/normal34.txt,92.262000
insertion,./tests/normal35.txt,315.378000
insertion,./tests/normal36.txt,413.616000
insertion,./tests/normal37.txt,193.435000
insertion,./tests/normal38.txt,198.671000
insertion,./tests/normal39.txt,317.488000
insertion,./tests/normal4.txt,109.657000
insertion,./tests/normal40.txt,71.993000
insertion,./tests/normal41.txt,193.633000
insertion,./tests/normal42.txt,435.142000
insertion,./tests/normal43.txt,79.581000
insertion,./tests/normal44.txt,57.634000
insertion,./tests/normal45.txt,322.150000
insertion,./tests/normal46.txt,38.800000
insertion,./tests/normal47.txt,144.817000
insertion,./tests/normal48.txt,332.257000
insertion,./tests/normal49.txt,35.998000
insertion,./tests/normal5.txt,72.170000
insertion,./tests/normal50.txt,5.510000
insertion,./tests/normal51.txt,30.078000
insertion,./tests/normal52.txt,273.413000
insertion,./tests/normal53.txt,36.039000
insertion,./tests/normal54.txt,140.448000
insertion,./tests/normal55.txt,24.719000
insertion,./tests/normal56.txt,137.182000
insertion,./tests/normal57.txt,310.022000
insertion,./tests/normal58.txt,352.231000
insertion,./tests/normal59.txt,347.128000
insertion,./tests/normal6.txt,179.074000
insertion,./tests/normal60.txt,316.504000
insertion,./tests/normal61.txt,1.974000
insertion,./tests/normal62.txt,350.566000
insertion,./tests/normal63.txt,123.741000
insertion,./tests/normal64.txt,0.021000
insertion,./tests/normal65.txt,6.862000
insertion,./tests/normal66.txt,50.575000
insertion,./tests/normal67.txt,41.836000
insertion,./tests/normal68.txt,41.204000
insertion,./tests/normal69.txt,332.938000
insertion,./tests/normal7.txt,27.124000
insertion,./tests/normal70.txt,26.403000
insertion,./tests/normal71.txt,366.861000
insertion,./tests/normal72.txt,9.528000
insertion,./tests/normal73.txt,113.198000
insertion,./tests/normal74.txt,201.162000
insertion,./tests/normal75.txt,376.289000
insertion,./tests/normal76.txt,30.332000
insertion,./tests/normal77.txt,225.556000
insertion,./tests/normal78.txt,9.392000
insertion,./tests/normal79.txt,78.083000
insertion,./tests/normal8.txt,40.711000
insertion,./tests/normal80.txt,261.766000
insertion,./tests/normal81.txt,18.548000
insertion,./tests/normal82.txt,165.302000
insertion,./tests/normal83.txt,15.527000
insertion,./tests/normal84.txt,386.905000
insertion,./tests/normal85.txt,21.501000
insertion,./tests/normal86.txt,91.202000
insertion,./tests/normal87.txt,173.428000
insertion,./tests/normal88.txt,153.581000
insertion,./tests/normal89.txt,104.720000
insertion,./tests/normal9.txt,199.975000
insertion,./tests/normal90.txt,226.008000
insertion,./tests/normal91.txt,119.593000
insertion,./tests/normal92.txt,152.574000
insertion,./tests/normal93.txt,391.469000
insertion,./tests/normal94.txt,269.517000
insertion,./tests/normal95.txt,69.113000
insertion,./tests/normal96.txt,182.394000
insertion,./tests/normal97.txt,351.199000
insertion,./tests/normal98.txt,315.340000
insertion,./tests/normal99.txt,222.699000
insertion,./tests/partial1.txt,15.431000
insertion,./tests/partial10.txt,37.402000
insertion,./tests/partial100.txt,133.747000
insertion,./tests/partial11.txt,181.499000
insertion,./tests/partial12.txt,59.278000
insertion,./tests/partial13.txt,0.232000
insertion,./tests/partial14.txt,159.356000
insertion,./tests/partial15.txt,106.065000
insertion,./tests/partial16.txt,44.344000
insertion,./tests/partial17.txt,127.985000
insertion,./tests/partial18.txt,22.307000
insertion,./tests/partial19.txt,253.014000
insertion,./tests/partial2.txt,3.463000
insertion,./tests/partial20.txt,63.794000
insertion,./tests/partial21.txt,231.934000
insertion,./tests/partial22.txt,169.494000
insertion,./tests/partial23.txt,79.359000
insertion,./tests/partial24.txt,104.125000
insertion,./tests/partial25.txt,0.418000
insertion,./tests/partial26.txt,79.253000
insertion,./tests/partial27.txt,143.218000
insertion,./tests/partial28.txt,115.348000
insertion,./tests/partial29.txt,315.777000
insertion,./tests/partial3.txt,5.254000
insertion,./tests/partial30.txt,0.982000
insertion,./tests/partial31.txt,24.188000
insertion,./tests/partial32.txt,24.843000
insertion,./tests/partial33.txt,75.751000
insertion,./tests/partial34.txt,275.488000
insertion,./tests/partial35.txt,64.702000
insertion,./tests/partial36.txt,104.337000
insertion,./tests/partial37.txt,15.390000
insertion,./tests/partial38.txt,147.611000
insertion,./tests/partial39.txt,52.372000
insertion,./tests/partial4.txt,106.648000
insertion,./tests/partial40.txt,109.740000
insertion,./tests/partial41.txt,14.113000
insertion,./tests/partial42.txt,331.859000
insertion,./tests/partial43.txt,46.940000
insertion,./tests/partial44.txt,282.751000
insertion,./tests/partial45.txt,77.373000
insertion,./tests/partial46.txt,0.691000
insertion,./tests/partial47.txt,196.996000
insertion,./tests/partial48.txt,13.063000
insertion,./tests/partial49.txt,163.803000
insertion,./tests/partial5.txt,201.634000
insertion,./tests/partial50.txt,184.898000
insertion,./tests/partial51.txt,172.384000
insertion,./tests/partial52.txt,82.203000
insertion,./tests/partial53.txt,153.550000
insertion,./tests/partial54.txt,32.936000
insertion,./tests/partial55.txt,78.227000
insertion,./tests/partial56.txt,14.119000
insertion,./tests/partial57.txt,259.230000
insertion,./tests/partial58.txt,2.412000
insertion,./tests/partial59.txt,4.949000
insertion,./tests/partial6.txt,156.313000
insertion,./tests/partial60.txt,0.004000
insertion,./tests/partial61.txt,189.899000
insertion,./tests/partial62.txt,6.816000
insertion,./tests/partial63.txt,133.936000
insertion,./tests/partial64.txt,43.846000
insertion,./tests/partial65.txt,142.534000
insertion,./tests/partial66.txt,194.111000
insertion,./tests/partial67.txt,66.863000
insertion,./tests/partial68.txt,247.411000
insertion,./tests/partial69.txt,6.830000
insertion,./tests/partial7.txt,13.334000
insertion,./tests/partial70.txt,36.537000
insertion,./tests/partial71.txt,22.618000
insertion,./tests/partial72.txt,43.701000
insertion,./tests/partial73.txt,229.923000
insertion,./tests/partial74.txt,28.761000
insertion,./tests/partial75.txt,145.618000
insertion,./tests/partial76.txt,128.172000
insertion,./tests/partial77.txt,320.106000
insertion,./tests/partial78.txt,2.603000
insertion,./tests/partial79.txt,164.546000
insertion,./tests/partial8.txt,122.107000
insertion,./tests/partial80.txt,33.794000
insertion,./tests/partial81.txt,88.824000
insertion,./tests/partial82.txt,147.469000
insertion,./tests/partial83.txt,133.684000
insertion,./tests/partial84.txt,81.592000
insertion,./tests/partial85.txt,144.385000
insertion,./tests/partial86.txt,117.981000
insertion,./tests/partial87.txt,115.297000
insertion,./tests/partial88.txt,44.301000
insertion,./tests/partial89.txt,65.606000
insertion,./tests/partial9.txt,1.207000
insertion,./tests/partial90.txt,149.179000
insertion,./tests/partial91.txt,1.669000
insertion,./tests/partial92.txt,5.939000
insertion,./tests/partial93.txt,87.969000
insertion,./tests/partial94.txt,3.923000
insertion,./tests/partial95.txt,10.576000
insertion,./tests/partial96.txt,62.093000
insertion,./tests/partial97.txt,0.015000
insertion,./tests/partial98.txt,224.429000
insertion,./tests/partial99.txt,248.987000
selection,./tests/descend1.txt,0.786000
selection,./tests/descend10.txt,1.639000
selection,./tests/descend100.txt,267.606000
selection,./tests/descend11.txt,41.344000
selection,./tests/descend12.txt,8.311000
selection,./tests/descend13.txt,503.327000
selection,./tests/descend14.txt,480.965000
selection,./tests/descend15.txt,244.557000
selection,./tests/descend16.txt,27.979000
selection,./tests/descend17.txt,0.248000
selection,./tests/descend18.txt,34.077000
selection,./tests/descend19.txt,480.098000
selection,./tests/descend2.txt,59.210000
selection,./tests/descend20.txt,135.524000
selection,./tests/descend21.txt,8.858000
selection,./tests/descend22.txt,136.153000
selection,./tests/descend23.txt,538.519000
selection,./tests/descend24.txt,37.435000
selection,./tests/descend25.txt,145.326000
selection,./tests/descend26.txt,48.485000
selection,./tests/descend27.txt,0.334000
selection,./tests/descend28.txt,257.106000
selection,./tests/descend29.txt,12.024000
selection,./tests/descend3.txt,46.748000
selection,./tests/descend30.txt,60.384000
selection,./tests/descend31.txt,320.436000
selection,./tests/descend32.txt,352.803000
selection,./tests/descend33.txt,42.113000
selection,./tests/descend34.txt,160.253000
selection,./tests/descend35.txt,6.260000
selection,./tests/descend36.txt,29.724000
selection,./tests/descend37.txt,7.047000
selection,./tests/descend38.txt,5.565000
selection,./tests/descend39.txt,59.705000
selection,./tests/descend4.txt,327.894000
selection,./tests/descend40.txt,71.239000
selection,./tests/descend41.txt,129.076000
selection,./tests/descend42.txt,75.053000
selection,./tests/descend43.txt,376.330000
selection,./tests/descend44.txt,33.812000
selection,./tests/descend45.txt,91.024000
selection,./tests/descend46.txt,3.733000
selection,./tests/descend47.txt,16.754000
selection,./tests/descend48.txt,88.758000
selection,./tests/descend49.txt,559.255000
selection,./tests/descend5.txt,154.979000
selection,./tests/descend50.txt,114.297000
selection,./tests/descend51.txt,270.176000
selection,./tests/descend52.txt,352.134000
selection,./tests/descend53.txt,259.775000
selection,./tests/descend54.txt,22.500000
selection,./tests/descend55.txt,84.145000
selection,./tests/descend56.txt,329.864000
selection,./tests/descend57.txt,556.685000
selection,./tests/descend58.txt,4.015000
selection,./tests/descend59.txt,203.350000
selection,./tests/descend6.txt,300.496000
selection,./tests/descend60.txt,412.387000
selection,./tests/descend61.txt,117.985000
selection,./tests/descend62.txt,49.531000
selection,./tests/descend63.txt,255.339000
selection,./tests/descend64.txt,0.589000
selection,./tests/descend65.txt,327.545000
selection,./tests/descend66.txt,425.728000
selection,./tests/descend67.txt,95.838000
selection,./tests/descend68.txt,63.755000
selection,./tests/descend69.txt,48.273000
selection,./tests/descend7.txt,163.163000
selection,./tests/descend70.txt,367.196000
selection,./tests/descend71.txt,0.054000
selection,./tests/descend72.txt,463.651000
selection,./tests/descend73.txt,177.933000
selection,./tests/descend74.txt,107.149000
selection,./tests/descend75.txt,300.970000
selection,./tests/descend76.txt,185.515000
selection,./tests/descend77.txt,112.724000
selection,./tests/descend78.txt,384.446000
selection,./tests/descend79.txt,94.640000
selection,./tests/descend8.txt,9.850000
selection,./tests/descend80.txt,553.842000
selection,./tests/descend81.txt,91.733000
selection,./tests/descend82.txt,325.397000
selection,./tests/descend83.txt,68.468000
selection,./tests/descend84.txt,225.633000
selection,./tests/descend85.txt,10.489000
selection,./tests/descend86.txt,130.252000
selection,./tests/descend87.txt,338.722000
selection,./tests/descend88.txt,5.296000
selection,./tests/descend89.txt,156.280000
selection,./tests/descend9.txt,316.089000
selection,./tests/descend90.txt,74.997000
selection,./tests/descend91.txt,282.902000
selection,./tests/descend92.txt,523.406000
selection,./tests/descend93.txt,24.615000
selection,./tests/descend94.txt,1.140000
selection,./tests/descend95.txt,166.857000
selection,./tests/descend96.txt,167.403000
selection,./tests/descend97.txt,167.860000
selection,./tests/descend98.txt,46.624000
selection,./tests/descend99.txt,350.160000
selection,./tests/normal1.txt,14.733000
selection,./tests/normal10.txt,408.550000
selection,./tests/normal100.txt,72.588000
selection,./tests/normal11.txt,362.099000
selection,./tests/normal12.txt,13.631000
selection,./tests/normal13.txt,11.444000
selection,./tests/normal14.txt,402.212000
selection,./tests/normal15.txt,420.158000
selection,./tests/normal16.txt,537.167000
selection,./tests/normal17.txt,104.518000
selection,./tests/normal18.txt,351.272000
selection,./tests/normal19.txt,131.382000
selection,./tests/normal2.txt,222.400000
selection,./tests/normal20.txt,141.262000
selection,./tests/normal21.txt,122.362000
selection,./tests/normal22.txt,12.919000
selection,./tests/normal23.txt,198.021000
selection,./tests/normal24.txt,75.004000
selection,./tests/normal25.txt,308.450000
selection,./tests/normal26.txt,467.779000
selection,./tests/normal27.txt,462.815000
selection,./tests/normal28.txt,208.682000
selection,./tests/normal29.txt,381.112000
selection,./tests/normal3.txt,1.388000
selection,./tests/normal30.txt,224.017000
selection,./tests/normal31.txt,468.893000
selection,./tests/normal32.txt,0.379000
selection,./tests/normal33.txt,264.331000
selection,./tests/normal34.txt,107.509000
selection,./tests/normal35.txt,381.330000
selection,./tests/normal36.txt,523.638000
selection,./tests/normal37.txt,234.377000
selection,./tests/normal38.txt,232.299000
selection,./tests/normal39.txt,387.412000
selection,./tests/normal4.txt,134.679000
selection,./tests/normal40.txt,88.161000
selection,./tests/normal41.txt,238.553000
selection,./tests/normal42.txt,545.230000
selection,./tests/normal43.txt,95.420000
selection,./tests/normal44.txt,66.011000
selection,./tests/normal45.txt,390.993000
selection,./tests/normal46.txt,44.164000
selection,./tests/normal47.txt,173.147000
selection,./tests/normal48.txt,400.698000
selection,./tests/normal49.txt,43.492000
selection,./tests/normal5.txt,84.147000
selection,./tests/normal50.txt,5.210000
selection,./tests/normal51.txt,34.436000
selection,./tests/normal52.txt,334.757000
selection,./tests/normal53.txt,42.191000
selection,./tests/normal54.txt,178.960000
selection,./tests/normal55.txt,28.711000
selection,./tests/normal56.txt,167.469000
selection,./tests/normal57.txt,379.148000
selection,./tests/normal58.txt,440.196000
selection,./tests/normal59.txt,434.070000
selection,./tests/normal6.txt,210.308000
selection,./tests/normal60.txt,396.387000
selection,./tests/normal61.txt,2.072000
selection,./tests/normal62.txt,439.657000
selection,./tests/normal63.txt,149.268000
selection,./tests/normal64.txt,0.048000
selection,./tests/normal65.txt,7.166000
selection,./tests/normal66.txt,59.400000
selection,./tests/normal67.txt,44.710000
selection,./tests/normal68.txt,45.414000
selection,./tests/normal69.txt,412.262000
selection,./tests/normal7.txt,30.123000
selection,./tests/normal70.txt,38.069000
selection,./tests/normal71.txt,459.168000
selection,./tests/normal72.txt,10.824000
selection,./tests/normal73.txt,135.952000
selection,./tests/normal74.txt,242.388000
selection,./tests/normal75.txt,457.362000
selection,./tests/normal76.txt,33.788000
selection,./tests/normal77.txt,284.903000
selection,./tests/normal78.txt,9.754000
selection,./tests/normal79.txt,96.406000
selection,./tests/normal8.txt,47.892000
selection,./tests/normal80.txt,324.349000
selection,./tests/normal81.txt,20.643000
selection,./tests/normal82.txt,204.425000
selection,./tests/normal83.txt,16.803000
selection,./tests/normal84.txt,498.101000
selection,./tests/normal85.txt,24.210000
selection,./tests/normal86.txt,100.474000
selection,./tests/normal87.txt,203.690000
selection,./tests/normal88.txt,182.292000
selection,./tests/normal89.txt,126.143000
selection,./tests/normal9.txt,245.514000
selection,./tests/normal90.txt,274.623000
selection,./tests/normal91.txt,142.697000
selection,./tests/normal92.txt,189.973000
selection,./tests/normal93.txt,491.205000
selection,./tests/normal94.txt,331.313000
selection,./tests/normal95.txt,81.296000
selection,./tests/normal96.txt,228.333000
selection,./tests/normal97.txt,422.177000
selection,./tests/normal98.txt,382.754000
selection,./tests/normal99.txt,288.574000
selection,./tests/partial1.txt,22.241000
selection,./tests/partial10.txt,91.735000
selection,./tests/partial100.txt,239.328000
selection,./tests/partial11.txt,332.966000
selection,./tests/partial12.txt,168.651000
selection,./tests/partial13.txt,0.520000
selection,./tests/partial14.txt,521.662000
selection,./tests/partial15.txt,359.803000
selection,./tests/partial16.txt,116.803000
selection,./tests/partial17.txt,219.317000
selection,./tests/partial18.txt,60.601000
selection,./tests/partial19.txt,377.457000
selection,./tests/partial2.txt,4.521000
selection,./tests/partial20.txt,111.662000
selection,./tests/partial21.txt,469.506000
selection,./tests/partial22.txt,367.287000
selection,./tests/partial23.txt,304.713000
selection,./tests/partial24.txt,333.796000
selection,./tests/partial25.txt,0.513000
selection,./tests/partial26.txt,205.757000
selection,./tests/partial27.txt,245.886000
selection,./tests/partial28.txt,379.999000
selection,./tests/partial29.txt,465.723000
selection,./tests/partial3.txt,8.615000
selection,./tests/partial30.txt,1.052000
selection,./tests/partial31.txt,36.462000
selection,./tests/partial32.txt,51.135000
selection,./tests/partial33.txt,148.241000
selection,./tests/partial34.txt,460.451000
selection,./tests/partial35.txt,117.981000
selection,./tests/partial36.txt,148.606000
selection,./tests/partial37.txt,23.399000
selection,./tests/partial38.txt,345.907000
selection,./tests/partial39.txt,75.007000
selection,./tests/partial4.txt,358.855000
selection,./tests/partial40.txt,200.392000
selection,./tests/partial41.txt,19.760000
selection,./tests/partial42.txt,533.587000
selection,./tests/partial43.txt,152.544000
selection,./tests/partial44.txt,455.287000
selection,./tests/partial45.txt,206.603000
selection,./tests/partial46.txt,0.880000
selection,./tests/partial47.txt,319.771000
selection,./tests/partial48.txt,17.002000
selection,./tests/partial49.txt,362.496000
selection,./tests/partial5.txt,508.346000
selection,./tests/partial50.txt,397.135000
selection,./tests/partial51.txt,526.074000
selection,./tests/partial52.txt,246.152000
selection,./tests/partial53.txt,378.830000
selection,./tests/partial54.txt,59.072000
selection,./tests/partial55.txt,197.931000
selection,./tests/partial56.txt,18.825000
selection,./tests/partial57.txt,558.342000
selection,./tests/partial58.txt,3.084000
selection,./tests/partial59.txt,6.367000
selection,./tests/partial6.txt,299.899000
selection,./tests/partial60.txt,0.028000
selection,./tests/partial61.txt,340.700000
selection,./tests/partial62.txt,10.683000
selection,./tests/partial63.txt,310.439000
selection,./tests/partial64.txt,74.491000
selection,./tests/partial65.txt,390.402000
selection,./tests/partial66.txt,370.863000
selection,./tests/partial67.txt,111.100000
selection,./tests/partial68.txt,591.249000
selection,./tests/partial69.txt,8.272000
selection,./tests/partial7.txt,16.360000
selection,./tests/partial70.txt,89.881000
selection,./tests/partial71.txt,63.156000
selection,./tests/partial72.txt,98.317000
selection,./tests/partial73.txt,364.488000
selection,./tests/partial74.txt,64.506000
selection,./tests/partial75.txt,296.303000
selection,./tests/partial76.txt,282.524000
selection,./tests/partial77.txt,523.161000
selection,./tests/partial78.txt,2.955000
selection,./tests/partial79.txt,561.351000
selection,./tests/partial8.txt,219.152000
selection,./tests/partial80.txt,91.092000
selection,./tests/partial81.txt,131.474000
selection,./tests/partial82.txt,256.026000
selection,./tests/partial83.txt,221.779000
selection,./tests/partial84.txt,140.494000
selection,./tests/partial85.txt,408.055000
selection,./tests/partial86.txt,251.353000
selection,./tests/partial87.txt,254.817000
selection,./tests/partial88.txt,110.066000
selection,./tests/partial89.txt,166.875000
selection,./tests/partial9.txt,1.263000
selection,./tests/partial90.txt,338.923000
selection,./tests/partial91.txt,2.049000
selection,./tests/partial92.txt,8.032000
selection,./tests/partial93.txt,269.691000
selection,./tests/partial94.txt,5.358000
selection,./tests/partial95.txt,12.832000
selection,./tests/partial96.txt,83.492000
selection,./tests/partial97.txt,0.046000
selection,./tests/partial98.txt,544.031000
selection,./tests/partial99.txt,541.149000
merge,./tests/descend1.txt,0.051000
merge,./tests/descend10.txt,0.065000
merge,./tests/descend100.txt,1.033000
merge,./tests/descend11.txt,0.326000
merge,./tests/descend12.txt,0.136000
merge,./tests/descend13.txt,1.213000
merge,./tests/descend14.txt,1.340000
merge,./tests/descend15.txt,0.945000
merge,./tests/descend16.txt,0.338000
merge,./tests/descend17.txt,0.034000
merge,./tests/descend18.txt,0.296000
merge,./tests/descend19.txt,1.133000
merge,./tests/descend2.txt,0.435000
merge,./tests/descend20.txt,0.631000
merge,./tests/descend21.txt,0.185000
merge,./tests/descend22.txt,0.784000
merge,./tests/descend23.txt,1.268000
merge,./tests/descend24.txt,0.310000
merge,./tests/descend25.txt,0.617000
merge,./tests/descend26.txt,0.386000
merge,./tests/descend27.txt,0.043000
merge,./tests/descend28.txt,0.881000
merge,./tests/descend29.txt,0.171000
merge,./tests/descend3.txt,0.413000
merge,./tests/descend30.txt,0.403000
merge,./tests/descend31.txt,0.961000
merge,./tests/descend32.txt,0.987000
merge,./tests/descend33.txt,0.378000
merge,./tests/descend34.txt,0.651000
merge,./tests/descend35.txt,0.127000
merge,./tests/descend36.txt,0.344000
merge,./tests/descend37.txt,0.132000
merge,./tests/descend38.txt,0.162000
merge,./tests/descend39.txt,0.398000
merge,./tests/descend4.txt,0.996000
merge,./tests/descend40.txt,0.421000
merge,./tests/descend41.txt,0.696000
merge,./tests/descend42.txt,0.449000
merge,./tests/descend43.txt,1.038000
merge,./tests/descend44.txt,0.307000
merge,./tests/descend45.txt,0.667000
merge,./tests/descend46.txt,0.091000
merge,./tests/descend47.txt,0.202000
merge,./tests/descend48.txt,0.485000
merge,./tests/descend49.txt,1.446000
merge,./tests/descend5.txt,0.632000
merge,./tests/descend50.txt,0.655000
merge,./tests/descend51.txt,0.873000
merge,./tests/descend52.txt,1.019000
merge,./tests/descend53.txt,0.945000
merge,./tests/descend54.txt,0.230000
merge,./tests/descend55.txt,0.519000
merge,./tests/descend56.txt,1.053000
merge,./tests/descend57.txt,1.233000
merge,./tests/descend58.txt,0.105000
merge,./tests/descend59.txt,0.969000
merge,./tests/descend6.txt,0.966000
merge,./tests/descend60.txt,1.193000
merge,./tests/descend61.txt,0.554000
merge,./tests/descend62.txt,0.363000
merge,./tests/descend63.txt,0.901000
merge,./tests/descend64.txt,0.052000
merge,./tests/descend65.txt,1.145000
merge,./tests/descend66.txt,1.278000
merge,./tests/descend67.txt,0.531000
merge,./tests/descend68.txt,0.423000
merge,./tests/descend69.txt,0.565000
merge,./tests/descend7.txt,0.677000
merge,./tests/descend70.txt,1.016000
merge,./tests/descend71.txt,0.018000
merge,./tests/descend72.txt,1.139000
merge,./tests/descend73.txt,0.818000
merge,./tests/descend74.txt,0.515000
merge,./tests/descend75.txt,0.945000
merge,./tests/descend76.txt,0.711000
merge,./tests/descend77.txt,0.567000
merge,./tests/descend78.txt,1.086000
merge,./tests/descend79.txt,0.496000
merge,./tests/descend8.txt,0.154000
merge,./tests/descend80.txt,1.714000
merge,./tests/descend81.txt,0.492000
merge,./tests/descend82.txt,0.967000
merge,./tests/descend83.txt,0.439000
merge,./tests/descend84.txt,0.756000
merge,./tests/descend85.txt,0.227000
merge,./tests/descend86.txt,0.576000
merge,./tests/descend87.txt,0.983000
merge,./tests/descend88.txt,0.119000
merge,./tests/descend89.txt,0.647000
merge,./tests/descend9.txt,0.937000
merge,./tests/descend90.txt,0.430000
merge,./tests/descend91.txt,0.863000
merge,./tests/descend92.txt,1.192000
merge,./tests/descend93.txt,0.248000
merge,./tests/descend94.txt,0.064000
merge,./tests/descend95.txt,0.870000
merge,./tests/descend96.txt,0.677000
merge,./tests/descend97.txt,0.912000
merge,./tests/descend98.txt,0.339000
merge,./tests/descend99.txt,0.983000
merge,./tests/normal1.txt,0.539000
merge,./tests/normal10.txt,2.841000
merge,./tests/normal100.txt,1.185000
merge,./tests/normal11.txt,2.739000
merge,./tests/normal12.txt,0.489000
merge,./tests/normal13.txt,0.465000
merge,./tests/normal14.txt,2.867000
merge,./tests/normal15.txt,2.955000
merge,./tests/normal16.txt,3.626000
merge,./tests/normal17.txt,1.540000
merge,./tests/normal18.txt,2.789000
merge,./tests/normal19.txt,1.951000
merge,./tests/normal2.txt,2.334000
merge,./tests/normal20.txt,1.683000
merge,./tests/normal21.txt,1.460000
merge,./tests/normal22.txt,0.467000
merge,./tests/normal23.txt,2.052000
merge,./tests/normal24.txt,1.430000
merge,./tests/normal25.txt,2.440000
merge,./tests/normal26.txt,3.314000
merge,./tests/normal27.txt,3.171000
merge,./tests/normal28.txt,2.184000
merge,./tests/normal29.txt,2.818000
merge,./tests/normal3.txt,0.137000
merge,./tests/normal30.txt,2.089000
merge,./tests/normal31.txt,2.840000
merge,./tests/normal32.txt,0.069000
merge,./tests/normal33.txt,2.249000
merge,./tests/normal34.txt,1.427000
merge,./tests/normal35.txt,3.094000
merge,./tests/normal36.txt,3.508000
merge,./tests/normal37.txt,2.369000
merge,./tests/normal38.txt,2.034000
merge,./tests/normal39.txt,2.847000
merge,./tests/normal4.txt,1.639000
merge,./tests/normal40.txt,1.320000
merge,./tests/normal41.txt,2.418000
merge,./tests/normal42.txt,3.323000
merge,./tests/normal43.txt,1.405000
merge,./tests/normal44.txt,1.092000
merge,./tests/normal45.txt,2.727000
merge,./tests/normal46.txt,0.963000
merge,./tests/normal47.txt,1.804000
merge,./tests/normal48.txt,3.408000
merge,./tests/normal49.txt,1.205000
merge,./tests/normal5.txt,1.406000
merge,./tests/normal50.txt,0.319000
merge,./tests/normal51.txt,0.787000
merge,./tests/normal52.txt,2.741000
merge,./tests/normal53.txt,0.925000
merge,./tests/normal54.txt,1.740000
merge,./tests/normal55.txt,0.697000
merge,./tests/normal56.txt,1.876000
merge,./tests/normal57.txt,3.048000
merge,./tests/normal58.txt,3.139000
merge,./tests/normal59.txt,3.155000
merge,./tests/normal6.txt,2.133000
merge,./tests/normal60.txt,3.121000
merge,./tests/normal61.txt,0.172000
merge,./tests/normal62.txt,3.215000
merge,./tests/normal63.txt,1.840000
merge,./tests/normal64.txt,0.024000
merge,./tests/normal65.txt,0.343000
merge,./tests/normal66.txt,1.060000
merge,./tests/normal67.txt,0.869000
merge,./tests/normal68.txt,0.942000
merge,./tests/normal69.txt,3.126000
merge,./tests/normal7.txt,0.972000
merge,./tests/normal70.txt,0.743000
merge,./tests/normal71.txt,3.124000
merge,./tests/normal72.txt,0.462000
merge,./tests/normal73.txt,1.586000
merge,./tests/normal74.txt,2.346000
merge,./tests/normal75.txt,2.912000
merge,./tests/normal76.txt,0.768000
merge,./tests/normal77.txt,2.504000
merge,./tests/normal78.txt,0.466000
merge,./tests/normal79.txt,1.405000
merge,./tests/normal8.txt,0.977000
merge,./tests/normal80.txt,2.663000
merge,./tests/normal81.txt,0.666000
merge,./tests/normal82.txt,2.014000
merge,./tests/normal83.txt,0.798000
merge,./tests/normal84.txt,4.046000
merge,./tests/normal85.txt,0.731000
merge,./tests/normal86.txt,1.387000
merge,./tests/normal87.txt,2.223000
merge,./tests/normal88.txt,1.865000
merge,./tests/normal89.txt,1.618000
merge,./tests/normal9.txt,2.237000
merge,./tests/normal90.txt,2.384000
merge,./tests/normal91.txt,1.700000
merge,./tests/normal92.txt,1.907000
merge,./tests/normal93.txt,3.183000
merge,./tests/normal94.txt,3.044000
merge,./tests/normal95.txt,1.199000
merge,./tests/normal96.txt,2.168000
merge,./tests/normal97.txt,2.729000
merge,./tests/normal98.txt,3.105000
merge,./tests/normal99.txt,2.398000
merge,./tests/partial1.txt,0.552000
merge,./tests/partial10.txt,0.921000
merge,./tests/partial100.txt,2.005000
merge,./tests/partial11.txt,2.162000
merge,./tests/partial12.txt,1.132000
merge,./tests/partial13.txt,0.066000
merge,./tests/partial14.txt,2.022000
merge,./tests/partial15.txt,1.674000
merge,./tests/partial16.txt,1.479000
merge,./tests/partial17.txt,1.808000
merge,./tests/partial18.txt,0.708000
merge,./tests/partial19.txt,2.669000
merge,./tests/partial2.txt,0.191000
merge,./tests/partial20.txt,1.110000
merge,./tests/partial21.txt,2.725000
merge,./tests/partial22.txt,2.019000
merge,./tests/partial23.txt,1.345000
merge,./tests/partial24.txt,1.758000
merge,./tests/partial25.txt,0.082000
merge,./tests/partial26.txt,1.382000
merge,./tests/partial27.txt,1.798000
merge,./tests/partial28.txt,1.696000
merge,./tests/partial29.txt,2.810000
merge,./tests/partial3.txt,0.260000
merge,./tests/partial30.txt,0.109000
merge,./tests/partial31.txt,0.712000
merge,./tests/partial32.txt,0.690000
merge,./tests/partial33.txt,1.337000
merge,./tests/partial34.txt,3.503000
merge,./tests/partial35.txt,1.315000
merge,./tests/partial36.txt,1.799000
merge,./tests/partial37.txt,0.536000
merge,./tests/partial38.txt,2.032000
merge,./tests/partial39.txt,1.092000
merge,./tests/partial4.txt,1.887000
merge,./tests/partial40.txt,1.630000
merge,./tests/partial41.txt,0.510000
merge,./tests/partial42.txt,2.675000
merge,./tests/partial43.txt,1.125000
merge,./tests/partial44.txt,2.787000
merge,./tests/partial45.txt,1.253000
merge,./tests/partial46.txt,0.083000
merge,./tests/partial47.txt,2.321000
merge,./tests/partial48.txt,0.506000
merge,./tests/partial49.txt,2.013000
merge,./tests/partial5.txt,2.357000
merge,./tests/partial50.txt,2.144000
merge,./tests/partial51.txt,2.373000
merge,./tests/partial52.txt,1.610000
merge,./tests/partial53.txt,2.076000
merge,./tests/partial54.txt,0.877000
merge,./tests/partial55.txt,1.464000
merge,./tests/partial56.txt,0.517000
merge,./tests/partial57.txt,2.935000
merge,./tests/partial58.txt,0.163000
merge,./tests/partial59.txt,0.251000
merge,./tests/partial6.txt,2.122000
merge,./tests/partial60.txt,0.009000
merge,./tests/partial61.txt,2.336000
merge,./tests/partial62.txt,0.328000
merge,./tests/partial63.txt,1.896000
merge,./tests/partial64.txt,1.021000
merge,./tests/partial65.txt,1.974000
merge,./tests/partial66.txt,2.233000
merge,./tests/partial67.txt,1.412000
merge,./tests/partial68.txt,2.601000
merge,./tests/partial69.txt,0.276000
merge,./tests/partial7.txt,0.443000
merge,./tests/partial70.txt,0.819000
merge,./tests/partial71.txt,0.704000
merge,./tests/partial72.txt,0.971000
merge,./tests/partial73.txt,2.612000
merge,./tests/partial74.txt,0.719000
merge,./tests/partial75.txt,2.044000
merge,./tests/partial76.txt,1.975000
merge,./tests/partial77.txt,2.876000
merge,./tests/partial78.txt,0.185000
merge,./tests/partial79.txt,2.223000
merge,./tests/partial8.txt,1.608000
merge,./tests/partial80.txt,0.840000
merge,./tests/partial81.txt,1.682000
merge,./tests/partial82.txt,1.959000
merge,./tests/partial83.txt,1.821000
merge,./tests/partial84.txt,1.432000
merge,./tests/partial85.txt,1.892000
merge,./tests/partial86.txt,1.645000
merge,./tests/partial87.txt,1.994000
merge,./tests/partial88.txt,1.054000
merge,./tests/partial89.txt,1.204000
merge,./tests/partial9.txt,0.145000
merge,./tests/partial90.txt,2.004000
merge,./tests/partial91.txt,0.161000
merge,./tests/partial92.txt,0.276000
merge,./tests/partial93.txt,1.685000
merge,./tests/partial94.txt,0.215000
merge,./tests/partial95.txt,0.437000
merge,./tests/partial96.txt,1.175000
merge,./tests/partial97.txt,0.020000
merge,./tests/partial98.txt,2.901000
merge,./tests/partial99.txt,2.683000
quick,./tests/descend1.txt,0.050000
quick,./tests/descend10.txt,0.097000
quick,./tests/descend100.txt,1.317000
quick,./tests/descend11.txt,0.463000
quick,./tests/descend12.txt,0.114000
quick,./tests/descend13.txt,2.262000
quick,./tests/descend14.txt,2.463000
quick,./tests/descend15.txt,2.081000
quick,./tests/descend16.txt,0.292000
quick,./tests/descend17.txt,0.023000
quick,./tests/descend18.txt,0.412000
quick,./tests/descend19.txt,2.938000
quick,./tests/descend2.txt,0.397000
quick,./tests/descend20.txt,1.027000
quick,./tests/descend21.txt,0.226000
quick,./tests/descend22.txt,0.880000
quick,./tests/descend23.txt,2.634000
quick,./tests/descend24.txt,0.461000
quick,./tests/descend25.txt,1.140000
quick,./tests/descend26.txt,0.403000
quick,./tests/descend27.txt,0.038000
quick,./tests/descend28.txt,0.966000
quick,./tests/descend29.txt,0.119000
quick,./tests/descend3.txt,0.417000
quick,./tests/descend30.txt,0.659000
quick,./tests/descend31.txt,1.558000
quick,./tests/descend32.txt,2.126000
quick,./tests/descend34.txt,1.149000
quick,./tests/descend35.txt,0.094000
quick,./tests/descend36.txt,0.453000
quick,./tests/descend37.txt,0.165000
quick,./tests/descend38.txt,0.081000
quick,./tests/descend39.txt,0.434000
quick,./tests/descend4.txt,1.252000
quick,./tests/descend40.txt,0.315000
quick,./tests/descend41.txt,0.878000
quick,./tests/descend42.txt,0.625000
quick,./tests/descend43.txt,1.627000
quick,./tests/descend44.txt,0.358000
quick,./tests/descend45.txt,0.722000
quick,./tests/descend46.txt,0.052000
quick,./tests/descend47.txt,0.416000
quick,./tests/descend48.txt,0.865000
quick,./tests/descend49.txt,1.871000
quick,./tests/descend5.txt,1.000000
quick,./tests/descend50.txt,0.692000
quick,./tests/descend51.txt,1.274000
quick,./tests/descend52.txt,1.992000
quick,./tests/descend53.txt,0.811000
quick,./tests/descend54.txt,0.244000
quick,./tests/descend55.txt,0.384000
quick,./tests/descend56.txt,1.976000
quick,./tests/descend57.txt,1.070000
quick,./tests/descend58.txt,0.115000
quick,./tests/descend59.txt,1.002000
quick,./tests/descend6.txt,0.578000
quick,./tests/descend60.txt,0.965000
quick,./tests/descend62.txt,0.609000
quick,./tests/descend63.txt,1.755000
quick,./tests/descend64.txt,0.061000
quick,./tests/descend65.txt,1.908000
quick,./tests/descend66.txt,1.183000
quick,./tests/descend67.txt,0.883000
quick,./tests/descend68.txt,0.607000
quick,./tests/descend69.txt,0.341000
quick,./tests/descend7.txt,0.823000
quick,./tests/descend70.txt,2.121000
quick,./tests/descend71.txt,0.013000
quick,./tests/descend72.txt,1.623000
quick,./tests/descend73.txt,1.076000
quick,./tests/descend74.txt,0.470000
quick,./tests/descend75.txt,2.424000
quick,./tests/descend76.txt,1.413000
quick,./tests/descend77.txt,0.679000
quick,./tests/descend78.txt,2.310000
quick,./tests/descend79.txt,0.342000
quick,./tests/descend8.txt,0.164000
quick,./tests/descend80.txt,2.367000
quick,./tests/descend81.txt,0.818000
quick,./tests/descend82.txt,0.848000
quick,./tests/descend83.txt,0.396000
quick,./tests/descend84.txt,1.084000
quick,./tests/descend86.txt,0.728000
quick,./tests/descend87.txt,1.558000
quick,./tests/descend88.txt,0.083000
quick,./tests/descend89.txt,0.730000
quick,./tests/descend9.txt,1.148000
quick,./tests/descend91.txt,1.336000
quick,./tests/descend92.txt,1.698000
quick,./tests/descend94.txt,0.067000
quick,./tests/descend95.txt,0.984000
quick,./tests/descend96.txt,0.943000
quick,./tests/descend97.txt,0.863000
quick,./tests/descend98.txt,0.566000
quick,./tests/descend99.txt,1.940000
quick,./tests/normal1.txt,0.275000
quick,./tests/normal10.txt,1.319000
quick,./tests/normal11.txt,1.400000
quick,./tests/normal12.txt,0.295000
quick,./tests/normal13.txt,0.289000
quick,./tests/normal14.txt,1.660000
quick,./tests/normal15.txt,1.765000
quick,./tests/normal18.txt,1.531000
quick,./tests/normal2.txt,1.132000
quick,./tests/normal21.txt,0.824000
quick,./tests/normal22.txt,0.303000
quick,./tests/normal23.txt,1.183000
quick,./tests/normal24.txt,0.578000
quick,./tests/normal25.txt,1.209000
quick,./tests/normal26.txt,1.576000
quick,./tests/normal27.txt,1.691000
quick,./tests/normal28.txt,1.266000
quick,./tests/normal29.txt,1.516000
quick,./tests/normal3.txt,0.103000
quick,./tests/normal30.txt,1.057000
quick,./tests/normal31.txt,1.434000
quick,./tests/normal32.txt,0.050000
quick,./tests/normal34.txt,0.805000
quick,./tests/normal35.txt,1.754000
quick,./tests/normal36.txt,1.747000
quick,./tests/normal37.txt,1.155000
quick,./tests/normal38.txt,1.128000
quick,./tests/normal39.txt,1.389000
quick,./tests/normal4.txt,0.957000
quick,./tests/normal40.txt,0.710000
quick,./tests/normal41.txt,1.238000
quick,./tests/normal42.txt,1.770000
quick,./tests/normal43.txt,0.835000
quick,./tests/normal44.txt,0.591000
quick,./tests/normal45.txt,1.330000
quick,./tests/normal46.txt,0.515000
quick,./tests/normal47.txt,0.989000
quick,./tests/normal48.txt,2.234000
quick,./tests/normal49.txt,0.571000
quick,./tests/normal5.txt,0.751000
quick,./tests/normal50.txt,0.195000
quick,./tests/normal51.txt,0.448000
quick,./tests/normal52.txt,1.342000
quick,./tests/normal53.txt,0.576000
quick,./tests/normal54.txt,0.930000
quick,./tests/normal55.txt,0.411000
quick,./tests/normal56.txt,1.051000
quick,./tests/normal57.txt,1.595000
quick,./tests/normal58.txt,1.938000
quick,./tests/normal59.txt,1.682000
quick,./tests/normal6.txt,1.157000
quick,./tests/normal60.txt,1.612000
quick,./tests/normal61.txt,0.121000
quick,./tests/normal62.txt,1.886000
quick,./tests/normal63.txt,1.002000
quick,./tests/normal65.txt,0.213000
quick,./tests/normal66.txt,0.592000
quick,./tests/normal67.txt,0.517000
quick,./tests/normal68.txt,0.535000
quick,./tests/normal69.txt,1.681000
quick,./tests/normal7.txt,0.496000
quick,./tests/normal70.txt,0.442000
quick,./tests/normal71.txt,1.694000
quick,./tests/normal72.txt,0.276000
quick,./tests/normal73.txt,0.887000
quick,./tests/normal74.txt,1.165000
quick,./tests/normal75.txt,1.507000
quick,./tests/normal76.txt,0.433000
quick,./tests/normal77.txt,1.413000
quick,./tests/normal78.txt,0.256000
quick,./tests/normal79.txt,0.782000
quick,./tests/normal8.txt,0.599000
quick,./tests/normal81.txt,0.525000
quick,./tests/normal82.txt,1.092000
quick,./tests/normal83.txt,0.324000
quick,./tests/normal84.txt,1.705000
quick,./tests/normal85.txt,0.419000
quick,./tests/normal86.txt,0.787000
quick,./tests/normal88.txt,1.066000
quick,./tests/normal89.txt,0.885000
quick,./tests/normal9.txt,1.416000
quick,./tests/normal90.txt,1.330000
quick,./tests/normal91.txt,0.907000
quick,./tests/normal92.txt,1.167000
quick,./tests/normal93.txt,1.700000
quick,./tests/normal95.txt,0.717000
quick,./tests/normal97.txt,1.318000
quick,./tests/normal98.txt,1.393000
quick,./tests/normal99.txt,1.409000
quick,./tests/partial10.txt,0.730000
quick,./tests/partial100.txt,1.237000
quick,./tests/partial11.txt,1.402000
quick,./tests/partial13.txt,0.046000
quick,./tests/partial14.txt,1.311000
quick,./tests/partial15.txt,1.031000
quick,./tests/partial16.txt,0.692000
quick,./tests/partial18.txt,0.474000
quick,./tests/partial19.txt,1.377000
quick,./tests/partial2.txt,0.145000
quick,./tests/partial21.txt,1.514000
quick,./tests/partial22.txt,1.231000
quick,./tests/partial23.txt,0.807000
quick,./tests/partial24.txt,1.164000
quick,./tests/partial25.txt,0.063000
quick,./tests/partial26.txt,0.809000
quick,./tests/partial27.txt,1.121000
quick,./tests/partial28.txt,1.044000
quick,./tests/partial29.txt,1.415000
quick,./tests/partial3.txt,0.202000
quick,./tests/partial32.txt,0.473000
quick,./tests/partial33.txt,0.800000
quick,./tests/partial35.txt,0.785000
quick,./tests/partial36.txt,0.918000
quick,./tests/partial37.txt,0.345000
quick,./tests/partial38.txt,1.244000
quick,./tests/partial39.txt,0.738000
quick,./tests/partial4.txt,1.076000
quick,./tests/partial40.txt,0.907000
quick,./tests/partial42.txt,1.475000
quick,./tests/partial44.txt,1.342000
quick,./tests/partial45.txt,0.734000
quick,./tests/partial46.txt,0.066000
quick,./tests/partial47.txt,1.118000
quick,./tests/partial48.txt,0.298000
quick,./tests/partial49.txt,1.302000
quick,./tests/partial5.txt,1.594000
quick,./tests/partial50.txt,1.208000
quick,./tests/partial51.txt,1.204000
quick,./tests/partial52.txt,0.906000
quick,./tests/partial53.txt,1.348000
quick,./tests/partial54.txt,0.635000
quick,./tests/partial57.txt,1.699000
quick,./tests/partial58.txt,0.167000
quick,./tests/partial59.txt,0.160000
quick,./tests/partial6.txt,1.490000
quick,./tests/partial60.txt,0.005000
quick,./tests/partial61.txt,1.266000
quick,./tests/partial62.txt,0.211000
quick,./tests/partial63.txt,1.176000
quick,./tests/partial64.txt,0.718000
quick,./tests/partial65.txt,1.365000
quick,./tests/partial66.txt,1.270000
quick,./tests/partial67.txt,0.790000
quick,./tests/partial68.txt,1.706000
quick,./tests/partial69.txt,0.181000
quick,./tests/partial7.txt,0.295000
quick,./tests/partial71.txt,0.450000
quick,./tests/partial73.txt,1.385000
quick,./tests/partial74.txt,0.460000
quick,./tests/partial75.txt,1.230000
quick,./tests/partial76.txt,1.183000
quick,./tests/partial77.txt,1.533000
quick,./tests/partial78.txt,0.131000
quick,./tests/partial79.txt,1.396000
quick,./tests/partial8.txt,0.821000
quick,./tests/partial81.txt,0.855000
quick,./tests/partial82.txt,1.132000
quick,./tests/partial83.txt,1.099000
quick,./tests/partial84.txt,0.729000
quick,./tests/partial85.txt,1.152000
quick,./tests/partial86.txt,0.892000
quick,./tests/partial87.txt,1.024000
quick,./tests/partial88.txt,0.659000
quick,./tests/partial9.txt,0.084000
quick,./tests/partial90.txt,1.157000
quick,./tests/partial91.txt,0.110000
quick,./tests/partial92.txt,0.205000
quick,./tests/partial93.txt,0.973000
quick,./tests/partial94.txt,0.161000
quick,./tests/partial95.txt,0.286000
quick,./tests/partial96.txt,0.688000
quick,./tests/partial98.txt,1.822000
quick,./tests/partial99.txt,1.637000
